train score,test score
0.5975663913313793,0.5886846078692601
